{"loss": [0.6941685676574707, 0.6917972564697266, 0.6921369433403015, 0.6921295523643494, 0.6922335624694824, 0.6918776631355286, 0.6919743418693542, 0.6918146014213562, 0.6917111873626709, 0.6915121674537659, 0.6916572451591492, 0.6918104887008667, 0.6921601891517639, 0.6914601922035217, 0.6920858025550842, 0.6917058825492859, 0.6915190815925598, 0.6917315721511841, 0.6915108561515808, 0.6921448707580566, 0.6915256381034851, 0.6920344233512878, 0.6911755204200745, 0.6912251114845276, 0.6914799213409424, 0.6911356449127197, 0.6912348866462708, 0.6900646090507507, 0.6918982863426208, 0.6903204321861267, 0.6910105347633362, 0.6907899379730225, 0.6905038356781006, 0.6894668340682983, 0.690142810344696, 0.6893821954727173, 0.688974142074585, 0.6890330910682678, 0.6902068853378296, 0.6890950202941895, 0.6901841163635254, 0.689153254032135, 0.6886702179908752, 0.6892247796058655, 0.6879295110702515, 0.6875633001327515, 0.6868825554847717, 0.687054455280304, 0.6856171488761902, 0.6855772137641907, 0.6848631501197815, 0.6854156255722046, 0.6842840313911438, 0.6826918125152588, 0.6844490766525269, 0.6821103096008301, 0.6815906763076782, 0.6805591583251953, 0.682560920715332, 0.6775417923927307, 0.6781417727470398, 0.6755964159965515, 0.6784544587135315, 0.6742588877677917, 0.6719622015953064, 0.6688597202301025, 0.6673285365104675, 0.6674308180809021, 0.6633274555206299, 0.6566035747528076, 0.6600833535194397, 0.6578620076179504, 0.6539797186851501, 0.6468377709388733, 0.6469574570655823, 0.6406424045562744, 0.6382262110710144, 0.6327950954437256, 0.6308450102806091, 0.6222892999649048, 0.6183639764785767, 0.6142759323120117, 0.6017415523529053, 0.5991823673248291, 0.5928929448127747, 0.5820059776306152, 0.5785817503929138, 0.557654082775116, 0.5572226643562317, 0.5497167110443115, 0.5419697761535645, 0.5228919386863708, 0.5189473032951355, 0.5073184370994568, 0.48079001903533936, 0.46807152032852173, 0.4441264867782593, 0.43665650486946106, 0.43721631169319153, 0.4057499170303345], "accuracy": [0.5119112133979797, 0.527070939540863, 0.5278830528259277, 0.527070939540863, 0.5284245014190674, 0.5213860273361206, 0.5254466533660889, 0.5278830528259277, 0.5278830528259277, 0.5324851274490356, 0.5281537771224976, 0.5257173776626587, 0.5243638157844543, 0.5232809782028198, 0.5278830528259277, 0.5257173776626587, 0.5262588262557983, 0.527070939540863, 0.529778003692627, 0.531943678855896, 0.5278830528259277, 0.522739589214325, 0.5305901169776917, 0.5324851274490356, 0.5276123285293579, 0.5335679650306702, 0.5314022898674011, 0.5221981406211853, 0.5254466533660889, 0.5316729545593262, 0.5276123285293579, 0.5251759886741638, 0.534109354019165, 0.540877103805542, 0.5346508026123047, 0.5343800783157349, 0.5397942662239075, 0.5314022898674011, 0.5346508026123047, 0.5433135032653809, 0.5292366147041321, 0.5327557921409607, 0.5492690801620483, 0.5365457534790039, 0.5381699800491333, 0.5468326807022095, 0.5416892170906067, 0.5454791784286499, 0.5487276911735535, 0.5511640310287476, 0.543042778968811, 0.5495398044586182, 0.5614510178565979, 0.5541418790817261, 0.55684894323349, 0.5584732294082642, 0.5592853426933289, 0.5619924068450928, 0.5560368299484253, 0.5701137185096741, 0.5619924068450928, 0.5733622312545776, 0.5798592567443848, 0.5736328959465027, 0.5744450688362122, 0.5896047353744507, 0.5928532481193542, 0.5858148336410522, 0.5971845984458923, 0.6015159487724304, 0.5985381603240967, 0.6050351858139038, 0.6126150488853455, 0.615863561630249, 0.615863561630249, 0.6310232877731323, 0.6288576126098633, 0.6394152641296387, 0.6396859884262085, 0.6442880630493164, 0.6540335416793823, 0.6497021913528442, 0.6662154793739319, 0.663779079914093, 0.6811044812202454, 0.6857065558433533, 0.6913914680480957, 0.7011370062828064, 0.7079046964645386, 0.7154845595359802, 0.7152138352394104, 0.7241472601890564, 0.7322685718536377, 0.7412019371986389, 0.7601516246795654, 0.7631294131278992, 0.7837033271789551, 0.7880346775054932, 0.7915538549423218, 0.809149980545044]}