{"loss": [0.6941429972648621, 0.6930174827575684, 0.6927882432937622, 0.6928065419197083, 0.6924818754196167, 0.6927322149276733, 0.6927288174629211, 0.6925899386405945, 0.6926827430725098, 0.6926106810569763, 0.6925627589225769, 0.6927261352539062, 0.6926816701889038, 0.6924218535423279, 0.6924670338630676, 0.6925032734870911, 0.692520260810852, 0.6923955082893372, 0.6923815608024597, 0.6924459934234619, 0.6922852993011475, 0.6925182342529297, 0.6923733353614807, 0.6923983693122864, 0.6921465396881104, 0.6923962831497192, 0.6921349763870239, 0.6922439932823181, 0.6921364068984985, 0.6921617388725281, 0.6919943690299988, 0.6917694211006165, 0.6918755769729614, 0.6923530101776123, 0.6917458176612854, 0.6919413208961487, 0.6910247802734375, 0.6910003423690796, 0.691121518611908, 0.6909831166267395, 0.6904386281967163, 0.6895089745521545, 0.6896997094154358, 0.6890965104103088, 0.688952624797821, 0.6878916621208191, 0.6890113949775696, 0.6877344250679016, 0.6873441934585571, 0.6882648468017578, 0.68691086769104, 0.6873839497566223, 0.6858389973640442, 0.683280348777771, 0.6850119829177856, 0.6819173097610474, 0.6814543008804321, 0.6824975609779358, 0.6831375360488892, 0.680968701839447, 0.6786009073257446, 0.6783835291862488, 0.6768973469734192, 0.6749590039253235, 0.6748271584510803, 0.6732367873191833, 0.6690685153007507, 0.6690356135368347, 0.6688298583030701, 0.6644130945205688, 0.6585561037063599, 0.6632959842681885, 0.6539371609687805, 0.6543892025947571, 0.6554135680198669, 0.6475008726119995, 0.6466928720474243, 0.6328951716423035, 0.6330546140670776, 0.6323482394218445, 0.6275298595428467, 0.6156706213951111, 0.6163486242294312, 0.6050122380256653, 0.6064795851707458, 0.6000313758850098, 0.6094076633453369, 0.5894571542739868, 0.573584258556366, 0.5733978748321533, 0.5704199075698853, 0.5667361617088318, 0.5464667081832886, 0.5368450284004211, 0.5387250781059265, 0.5171011686325073, 0.5083675384521484, 0.4936247169971466, 0.49534696340560913, 0.4886225759983063], "accuracy": [0.502165675163269, 0.5203031897544861, 0.5170546770095825, 0.5208446383476257, 0.5157011151313782, 0.5205739140510559, 0.5208446383476257, 0.5208446383476257, 0.5208446383476257, 0.5186789631843567, 0.5208446383476257, 0.5165132880210876, 0.5170546770095825, 0.5208446383476257, 0.5197618007659912, 0.5208446383476257, 0.5192203521728516, 0.5208446383476257, 0.5208446383476257, 0.5189496278762817, 0.5208446383476257, 0.5208446383476257, 0.5208446383476257, 0.5197618007659912, 0.5259881019592285, 0.5186789631843567, 0.5211153030395508, 0.518137514591217, 0.5175961256027222, 0.522739589214325, 0.5189496278762817, 0.5175961256027222, 0.5221981406211853, 0.5162425637245178, 0.5213860273361206, 0.5116404891014099, 0.5219274759292603, 0.5268002152442932, 0.5238224267959595, 0.5140768885612488, 0.5246345400810242, 0.5327557921409607, 0.5295072793960571, 0.5335679650306702, 0.5292366147041321, 0.5284245014190674, 0.5378993153572083, 0.5357336401939392, 0.5389821529388428, 0.5346508026123047, 0.5495398044586182, 0.5454791784286499, 0.5433135032653809, 0.5522468686103821, 0.5560368299484253, 0.554683268070221, 0.5511640310287476, 0.559014618396759, 0.5530590415000916, 0.5690308809280396, 0.5655116438865662, 0.5579317808151245, 0.5603681802749634, 0.563887357711792, 0.570655107498169, 0.5668652057647705, 0.5752571821212769, 0.5698429942131042, 0.5812127590179443, 0.5820249319076538, 0.5985381603240967, 0.5831077694892883, 0.5939360857009888, 0.5944775342941284, 0.5882512331008911, 0.6053059101104736, 0.6036816239356995, 0.6147807240486145, 0.622901976108551, 0.6204656362533569, 0.6220898628234863, 0.6329182386398315, 0.6369788646697998, 0.6421223878860474, 0.6453709006309509, 0.6453709006309509, 0.6448294520378113, 0.6578235030174255, 0.6664862036705017, 0.683811604976654, 0.6821873188018799, 0.6710882782936096, 0.6946399807929993, 0.7089875340461731, 0.704656183719635, 0.7195451855659485, 0.7198159098625183, 0.7347049117088318, 0.7390362620353699, 0.7401190996170044]}