{"loss": [0.6945094466209412, 0.6932781934738159, 0.6925995945930481, 0.6922721862792969, 0.6925660967826843, 0.692389965057373, 0.692666232585907, 0.6922151446342468, 0.6922315359115601, 0.6923087239265442, 0.6924682259559631, 0.6917465329170227, 0.6926756501197815, 0.6925469040870667, 0.6922383904457092, 0.6923859715461731, 0.6929335594177246, 0.6921095848083496, 0.6920099258422852, 0.6924648880958557, 0.6921169757843018, 0.6917433142662048, 0.692380964756012, 0.6919012069702148, 0.6918849945068359, 0.6917147040367126, 0.692160427570343, 0.6924203038215637, 0.6916483640670776, 0.6920626163482666, 0.6917284727096558, 0.6921039819717407, 0.6917556524276733, 0.6912778615951538, 0.6924583315849304, 0.6915248036384583, 0.6903470754623413, 0.6916972994804382, 0.6910362243652344, 0.6898319125175476, 0.6906554698944092, 0.6903843879699707, 0.6892744302749634, 0.6900647878646851, 0.6886129975318909, 0.6893638372421265, 0.6889306902885437, 0.6865538358688354, 0.686973512172699, 0.6880253553390503, 0.6859278082847595, 0.6865591406822205, 0.6862341165542603, 0.6853274703025818, 0.6842454075813293, 0.6821827292442322, 0.6838962435722351, 0.6837019324302673, 0.6805312037467957, 0.6819499135017395, 0.6799910068511963, 0.6786913275718689, 0.6775911450386047, 0.6770144701004028, 0.6744769215583801, 0.675481915473938, 0.6735890507698059, 0.6699804067611694, 0.6708247065544128, 0.667827844619751, 0.6679856181144714, 0.6645633578300476, 0.6656028032302856, 0.6617143750190735, 0.659581184387207, 0.6591358780860901, 0.6552273035049438, 0.6519372463226318, 0.6496877670288086, 0.6450625658035278, 0.6379349827766418, 0.6380867958068848, 0.6346452236175537, 0.6325210332870483, 0.6236838102340698, 0.6201905012130737, 0.6173118948936462, 0.6120640635490417, 0.6047205924987793, 0.5973063707351685, 0.5881142020225525, 0.5911602973937988, 0.5762932300567627, 0.580339252948761, 0.568291425704956, 0.5554148554801941, 0.5471342206001282, 0.54538494348526, 0.5292347073554993, 0.5225374102592468], "accuracy": [0.5100162625312805, 0.5219274759292603, 0.5230103135108948, 0.5211153030395508, 0.522739589214325, 0.5230103135108948, 0.5197618007659912, 0.5230103135108948, 0.5192203521728516, 0.5208446383476257, 0.5235517024993896, 0.515971839427948, 0.5216567516326904, 0.5230103135108948, 0.522739589214325, 0.5216567516326904, 0.5230103135108948, 0.5230103135108948, 0.5230103135108948, 0.5194910764694214, 0.5224688649177551, 0.522739589214325, 0.5216567516326904, 0.5281537771224976, 0.5213860273361206, 0.5235517024993896, 0.5243638157844543, 0.5165132880210876, 0.5230103135108948, 0.518137514591217, 0.5224688649177551, 0.5192203521728516, 0.5211153030395508, 0.5254466533660889, 0.5254466533660889, 0.5243638157844543, 0.5230103135108948, 0.5165132880210876, 0.5205739140510559, 0.5276123285293579, 0.5281537771224976, 0.5314022898674011, 0.5343800783157349, 0.5170546770095825, 0.5357336401939392, 0.5346508026123047, 0.5351921916007996, 0.5427720546722412, 0.5365457534790039, 0.5373578667640686, 0.5449377298355103, 0.5425013303756714, 0.5384407043457031, 0.5376285910606384, 0.545749843120575, 0.5579317808151245, 0.5416892170906067, 0.55684894323349, 0.5603681802749634, 0.5514347553253174, 0.5584732294082642, 0.5611802935600281, 0.5571196675300598, 0.559014618396759, 0.5698429942131042, 0.567948043346405, 0.5747157335281372, 0.5709258317947388, 0.5798592567443848, 0.5852734446525574, 0.5785056948661804, 0.583919882774353, 0.5806713700294495, 0.5898754596710205, 0.5955603718757629, 0.6055766344070435, 0.6025987863540649, 0.5958310961723328, 0.6058472990989685, 0.6039523482322693, 0.6256090998649597, 0.6264212131500244, 0.6348131895065308, 0.6277747750282288, 0.6394152641296387, 0.6432052254676819, 0.6469951272010803, 0.6410395503044128, 0.6524093151092529, 0.6572820544242859, 0.6648619174957275, 0.6751489043235779, 0.6751489043235779, 0.67054682970047, 0.6857065558433533, 0.6989713311195374, 0.6987006068229675, 0.6984298825263977, 0.7103410959243774, 0.7195451855659485]}