{"loss": [0.6942397356033325, 0.6933530569076538, 0.6929115056991577, 0.6929831504821777, 0.6921115517616272, 0.6927589774131775, 0.6922988295555115, 0.6925830245018005, 0.6919225454330444, 0.6923246383666992, 0.6922991275787354, 0.6920653581619263, 0.6922091245651245, 0.6916072368621826, 0.7009530067443848, 0.6936431527137756, 0.6929099559783936, 0.6925646662712097, 0.6924142241477966, 0.6920939683914185, 0.692157506942749, 0.6924982070922852, 0.6919084787368774, 0.6921505928039551, 0.6922017335891724, 0.6917372345924377, 0.6925097107887268, 0.6917281746864319, 0.6924772262573242, 0.6919392347335815, 0.6918464303016663, 0.6926011443138123, 0.6919639706611633, 0.6918439269065857, 0.6923902630805969, 0.6914733648300171, 0.6918148398399353, 0.6908908486366272, 0.6911342740058899, 0.6913676857948303, 0.6913713216781616, 0.6900786757469177, 0.6903839111328125, 0.6902633309364319, 0.6899570822715759, 0.689747154712677, 0.6890432238578796, 0.6889793872833252, 0.6882942318916321, 0.6881769895553589, 0.6864547729492188, 0.6881868839263916, 0.6866954565048218, 0.6857394576072693, 0.684944748878479, 0.6853164434432983, 0.6850922107696533, 0.6860155463218689, 0.6828596591949463, 0.6834294199943542, 0.6780881881713867, 0.6826255321502686, 0.6762116551399231, 0.6768028140068054, 0.6740567088127136, 0.6728165149688721, 0.6747238039970398, 0.6726797223091125, 0.6734919548034668, 0.6695897579193115, 0.6672661900520325, 0.6658248901367188, 0.6649214625358582, 0.6640160083770752, 0.6616619825363159, 0.6613865494728088, 0.6547003984451294, 0.6488294005393982, 0.6570545434951782, 0.6461355090141296, 0.6482699513435364, 0.6467886567115784, 0.6389517188072205, 0.6402333378791809, 0.6306310296058655, 0.628166913986206, 0.6295024156570435, 0.6285786628723145, 0.6174004673957825, 0.6159725189208984, 0.6101022958755493, 0.6080427169799805, 0.6024525761604309, 0.5966054201126099, 0.5880824327468872, 0.5724876523017883, 0.5718506574630737, 0.5594533085823059, 0.5627214908599854, 0.5528849363327026], "accuracy": [0.49806949496269226, 0.5104247331619263, 0.5243242979049683, 0.5216216444969177, 0.5243242979049683, 0.5220077037811279, 0.5243242979049683, 0.5200772285461426, 0.5231660008430481, 0.5185328125953674, 0.5231660008430481, 0.5231660008430481, 0.5239382386207581, 0.5223938226699829, 0.530888020992279, 0.5092664361000061, 0.5196911096572876, 0.5227799415588379, 0.5173745155334473, 0.5243242979049683, 0.5258687138557434, 0.5247104167938232, 0.5239382386207581, 0.5243242979049683, 0.5270270109176636, 0.5212355256080627, 0.5243242979049683, 0.5177606344223022, 0.5239382386207581, 0.5204633474349976, 0.5254826545715332, 0.5235521197319031, 0.5243242979049683, 0.5243242979049683, 0.5127413272857666, 0.5239382386207581, 0.5250965356826782, 0.5281853079795837, 0.5266409516334534, 0.5281853079795837, 0.5212355256080627, 0.546332061290741, 0.5378378629684448, 0.5320463180541992, 0.5301158428192139, 0.5370656251907349, 0.5339768528938293, 0.5432432293891907, 0.5355212092399597, 0.5355212092399597, 0.5409266352653503, 0.5393822193145752, 0.5490347743034363, 0.5555984377861023, 0.5536679625511169, 0.5409266352653503, 0.5563706755638123, 0.5540540814399719, 0.5586872696876526, 0.5633204579353333, 0.5644787549972534, 0.5401544570922852, 0.5764479041099548, 0.5644787549972534, 0.5691119432449341, 0.5857142806053162, 0.5799227952957153, 0.5830115675926208, 0.5733590722084045, 0.5899614095687866, 0.5861003994941711, 0.591891884803772, 0.584942102432251, 0.591891884803772, 0.5980694890022278, 0.6111969351768494, 0.6034749150276184, 0.6142857074737549, 0.6115829944610596, 0.6150578856468201, 0.6057915091514587, 0.6185328364372253, 0.6150578856468201, 0.622779905796051, 0.6362934112548828, 0.6347490549087524, 0.6250964999198914, 0.6362934112548828, 0.6409266591072083, 0.6509652733802795, 0.6575289368629456, 0.65444016456604, 0.6644787788391113, 0.6679536700248718, 0.6679536700248718, 0.6961389780044556, 0.6864864826202393, 0.6903474926948547, 0.6942085027694702, 0.7050192952156067]}