{"loss": [0.6941260099411011, 0.6930599808692932, 0.6929002404212952, 0.693263053894043, 0.6929543018341064, 0.6927658915519714, 0.6926805377006531, 0.6926410794258118, 0.692956268787384, 0.692700982093811, 0.692547619342804, 0.692533016204834, 0.6922094821929932, 0.692765474319458, 0.6924556493759155, 0.6916260123252869, 0.6928191184997559, 0.6924285888671875, 0.6922778487205505, 0.6925982236862183, 0.6924553513526917, 0.6923606991767883, 0.6923478245735168, 0.6923434138298035, 0.6924700140953064, 0.6922470331192017, 0.691992461681366, 0.6922422647476196, 0.6914000511169434, 0.6923847198486328, 0.6919334530830383, 0.6923253536224365, 0.6918649673461914, 0.691616952419281, 0.6913102269172668, 0.6958732008934021, 0.6932781934738159, 0.692736804485321, 0.6929641366004944, 0.6924769878387451, 0.692866861820221, 0.6925668120384216, 0.692522406578064, 0.6925016045570374, 0.6925547122955322, 0.6925790309906006, 0.6925057172775269, 0.6924986243247986, 0.6924988031387329, 0.6925156712532043, 0.6925120949745178, 0.6926040053367615, 0.6924511790275574, 0.692566454410553, 0.6924971342086792, 0.6926480531692505, 0.6925438046455383, 0.6924404501914978, 0.6924141645431519, 0.6926112174987793, 0.6924690008163452, 0.6925877332687378, 0.6923982501029968, 0.6924709677696228, 0.6925165057182312, 0.6924770474433899, 0.6923652291297913, 0.6927128434181213, 0.6924410462379456, 0.6924917697906494, 0.6925610899925232, 0.6924868226051331, 0.6924320459365845, 0.6924761533737183, 0.6923485994338989, 0.6923261880874634, 0.6925032734870911, 0.6924569606781006, 0.6925025582313538, 0.6926487684249878, 0.692532479763031, 0.6924868822097778, 0.692559540271759, 0.6924102306365967, 0.6927121877670288, 0.6924353837966919, 0.6925528049468994, 0.6924134492874146, 0.6925130486488342, 0.6925582885742188, 0.6924827694892883, 0.6924806237220764, 0.6924521327018738, 0.6924530267715454, 0.6925227046012878, 0.6924121975898743, 0.692421555519104, 0.6925326585769653, 0.6924871206283569, 0.6924393773078918], "accuracy": [0.5054141879081726, 0.5132647752761841, 0.5186789631843567, 0.5127233266830444, 0.5124526023864746, 0.5132647752761841, 0.5194910764694214, 0.518137514591217, 0.5211153030395508, 0.5184082388877869, 0.5243638157844543, 0.5194910764694214, 0.518137514591217, 0.515971839427948, 0.5184082388877869, 0.5230103135108948, 0.5119112133979797, 0.5208446383476257, 0.5192203521728516, 0.5194910764694214, 0.5208446383476257, 0.5268002152442932, 0.5219274759292603, 0.5208446383476257, 0.5211153030395508, 0.5184082388877869, 0.5216567516326904, 0.524905264377594, 0.5230103135108948, 0.5243638157844543, 0.5254466533660889, 0.522739589214325, 0.5221981406211853, 0.5262588262557983, 0.5346508026123047, 0.5083919763565063, 0.5143476128578186, 0.5194910764694214, 0.5194910764694214, 0.5194910764694214, 0.5194910764694214, 0.5194910764694214, 0.5194910764694214, 0.5194910764694214, 0.5194910764694214, 0.5194910764694214, 0.5194910764694214, 0.5194910764694214, 0.5194910764694214, 0.5194910764694214, 0.5194910764694214, 0.5194910764694214, 0.5194910764694214, 0.5194910764694214, 0.5194910764694214, 0.5194910764694214, 0.5194910764694214, 0.5194910764694214, 0.5194910764694214, 0.5194910764694214, 0.5194910764694214, 0.5194910764694214, 0.5194910764694214, 0.5194910764694214, 0.5186789631843567, 0.5194910764694214, 0.5194910764694214, 0.5162425637245178, 0.5194910764694214, 0.5194910764694214, 0.5194910764694214, 0.5194910764694214, 0.5194910764694214, 0.5194910764694214, 0.5194910764694214, 0.5194910764694214, 0.5194910764694214, 0.5194910764694214, 0.5194910764694214, 0.5194910764694214, 0.5194910764694214, 0.5194910764694214, 0.5194910764694214, 0.5194910764694214, 0.5194910764694214, 0.5194910764694214, 0.5194910764694214, 0.5194910764694214, 0.5194910764694214, 0.5194910764694214, 0.5194910764694214, 0.5194910764694214, 0.5194910764694214, 0.5194910764694214, 0.5194910764694214, 0.5194910764694214, 0.5194910764694214, 0.5194910764694214, 0.5194910764694214, 0.5194910764694214]}