{"loss": [0.011008587665855885, 0.0010746403131633997, 0.0009911510860547423, 0.0010498843621462584, 0.0010924616362899542, 0.000693588808644563, 0.0006549370591528714, 0.0008673310512676835, 0.0013214508071541786, 0.0007527589332312346, 0.000882813532371074, 0.0006733082118444145, 0.0005981233553029597, 0.0005952949286438525, 0.0007900925702415407, 0.0007844569627195597, 0.0006244980031624436, 0.0006308929878287017, 0.0005422578542493284, 0.0004684648010879755, 0.0004829841782338917, 0.0004097198834642768, 0.0004136998613830656, 0.00042594055412337184, 0.00047441714559681714, 0.0005326539976522326, 0.0005778969498351216, 0.0005956987733952701, 0.00045561190927401185, 0.0005334834568202496, 0.0004497766203712672, 0.00039434913196600974, 0.00043688592268154025, 0.0003567516978364438, 0.00036977569106966257, 0.0004345491179265082, 0.0005169982323423028, 0.00042132718954235315, 0.000325426779454574, 0.0003692673344630748, 0.000382165948394686, 0.00030315376352518797, 0.000365532876458019, 0.000305097084492445, 0.0003840814169961959, 0.00036649833782576025, 0.00040250038728117943, 0.0006209504790604115, 0.0004165397840552032, 0.0003904541372321546, 0.0004399831232149154, 0.00039211136754602194, 0.0003591975546441972, 0.0004381723119877279, 0.0003251875750720501, 0.0005139805725775659, 0.00047164232819341123, 0.0005154909449629486, 0.0003299452946521342, 0.0003289296291768551, 0.0002844285045284778, 0.00029446822009049356, 0.00035410578129813075, 0.0004063595551997423, 0.00032212192309089005, 0.0003403575101401657, 0.00031412692624144256, 0.0003302663972135633, 0.0003083406190853566, 0.0002925482694990933, 0.00028508115792647004, 0.0004747913044411689, 0.0005319630727171898, 0.0003015766851603985, 0.00026375323068350554, 0.00030296575278043747, 0.0002800746005959809, 0.00025969225680455565, 0.0003849083441309631, 0.0003347010351717472, 0.00030606810469180346, 0.0003947424702346325, 0.0003757013182621449, 0.00028284580912441015, 0.0005312336143106222, 0.00034989495179615915, 0.0003694710903801024, 0.0002906332374550402, 0.0003244470863137394, 0.00029968906892463565, 0.0002703865466173738, 0.00023758495808579028, 0.000261736597167328, 0.0002878650848288089, 0.00024371041217818856, 0.0002613826363813132, 0.00029007482226006687, 0.00024907791521400213, 0.00024980268790386617, 0.00025358982384204865], "val_loss": [0.0058317179791629314, 0.0021719783544540405, 0.0025056384038180113, 0.002341462532058358, 0.0019753482192754745, 0.001729010371491313, 0.0016451772535219789, 0.012372746132314205, 0.0020500437822192907, 0.0015095564303919673, 0.0013749401550740004, 0.00423616636544466, 0.004025267902761698, 0.008795838803052902, 0.005645756609737873, 0.002209371654316783, 0.0023733119014650583, 0.0014177904231473804, 0.001174465985968709, 0.0011456133797764778, 0.0014193139504641294, 0.0011603699531406164, 0.0018588077509775758, 0.0033357257489115, 0.0014457714278250933, 0.004951782990247011, 0.0020388157572597265, 0.0021504785399883986, 0.0018685677787289023, 0.002713498892262578, 0.0026102024130523205, 0.0021246110554784536, 0.001044427277520299, 0.005075425840914249, 0.0027549294754862785, 0.0016320644645020366, 0.0012104179477319121, 0.002459813840687275, 0.0027963598258793354, 0.002709411783143878, 0.001391142257489264, 0.002031200798228383, 0.003991476725786924, 0.003383753588423133, 0.0017438686918467283, 0.0018130892422050238, 0.0012186517706140876, 0.004684006329625845, 0.0071442751213908195, 0.004033633042126894, 0.0035616883542388678, 0.0021623161155730486, 0.007455769926309586, 0.004162914119660854, 0.007168367505073547, 0.01004988793283701, 0.006618085782974958, 0.007138032931834459, 0.003827131586149335, 0.007861103862524033, 0.004629266448318958, 0.005406066309660673, 0.0034147268161177635, 0.006134538911283016, 0.011916040442883968, 0.007025369442999363, 0.0069467248395085335, 0.003136241575703025, 0.007495718076825142, 0.004628568422049284, 0.005272660870105028, 0.002808006014674902, 0.009047627449035645, 0.007668576203286648, 0.00777274277061224, 0.008972911164164543, 0.008478831499814987, 0.005332919768989086, 0.006642095744609833, 0.00854700431227684, 0.006232731509953737, 0.013102598488330841, 0.006743958685547113, 0.005290288478136063, 0.01873772032558918, 0.004492892883718014, 0.007769853342324495, 0.007636213209480047, 0.01235920749604702, 0.010425428859889507, 0.007297997362911701, 0.011043677106499672, 0.005596677307039499, 0.007066889200359583, 0.012283958494663239, 0.009823336265981197, 0.007167466450482607, 0.00917249359190464, 0.007672826759517193, 0.01562649756669998]}