{"loss": [0.03725019842386246, 0.0033202420454472303, 0.002521166345104575, 0.0021473884116858244, 0.002610065508633852, 0.0018892957596108317, 0.0015213986625894904, 0.0015955092385411263, 0.0016607735306024551, 0.0013741202419623733, 0.0017087470041587949, 0.0017288513481616974, 0.0014136215904727578, 0.0013000627513974905, 0.0014580015558749437, 0.001228456967510283, 0.0013522821245715022, 0.0014984295703470707, 0.0014520285185426474, 0.0012602917850017548, 0.0013484113151207566, 0.0013193129561841488, 0.0010737318079918623, 0.0011758665787056088, 0.0011408152058720589, 0.0011838815407827497, 0.0011430110316723585, 0.001310808933340013, 0.0010465416125953197, 0.0009947511134669185, 0.0010229439940303564, 0.0018915458349511027, 0.0012325518764555454, 0.001036700326949358, 0.0009521217434667051, 0.0009828821057453752, 0.0011774913873523474, 0.0016013439744710922, 0.0013772412203252316, 0.0010002097114920616, 0.0010392036056146026, 0.0008578350534662604, 0.0011328321415930986, 0.0012754432391375303, 0.0013275466626510024, 0.0009942397009581327, 0.0007350734085775912, 0.0008468909072689712, 0.0009338275413028896, 0.0009035026305355132, 0.0008192218956537545, 0.0009608542313799262, 0.0007787366630509496, 0.0007667235331609845, 0.0007958746864460409, 0.000838516978546977, 0.0007188291638158262, 0.0007156255305744708, 0.0008142596925608814, 0.0009756271028891206, 0.0011693406850099564, 0.0007145667914301157, 0.0007306939805857837, 0.0008898379164747894, 0.0006934821722097695, 0.0007119214278645813, 0.000665119441691786, 0.0006519380840472877, 0.0008530909544788301, 0.0008230390376411378, 0.0011767455143854022, 0.0010549923172220588, 0.0006624726229347289, 0.0007110853912308812, 0.0006937934085726738, 0.0007072804728522897, 0.000660539255477488, 0.0006486476049758494, 0.0007110644364729524, 0.0005949125625193119, 0.0007830144604668021, 0.0005955843371339142, 0.0005458640516735613, 0.0007000353070907295, 0.0006508995429612696, 0.0005977378459647298, 0.0008636405691504478, 0.0006678541540168226, 0.0005806683911941946, 0.0006307647563517094, 0.0006348962197080255, 0.0005555287934839725, 0.0005716356099583209, 0.0006235220935195684, 0.0005806903936900198, 0.000486907665617764, 0.0005450181197375059, 0.0007514647440984845, 0.0005002892576158047, 0.000478514441056177], "val_loss": [0.013886229135096073, 0.009343797340989113, 0.006664566695690155, 0.005754480138421059, 0.004982521291822195, 0.005673638544976711, 0.004722362384200096, 0.004609237425029278, 0.005740056280046701, 0.004322861786931753, 0.0047154114581644535, 0.004277518484741449, 0.004524956922978163, 0.006677967496216297, 0.004204337950795889, 0.004127162043005228, 0.003975702915340662, 0.004248329903930426, 0.0036680204793810844, 0.004902041517198086, 0.004659810569137335, 0.003803790081292391, 0.005028348881751299, 0.0038808148819953203, 0.004250544123351574, 0.003706179792061448, 0.004648465663194656, 0.0035339060705155134, 0.0036316695623099804, 0.005064195021986961, 0.003397453110665083, 0.003884078236296773, 0.004072178155183792, 0.0036313545424491167, 0.0036045131273567677, 0.004089601803570986, 0.007252613082528114, 0.004828500095754862, 0.004880427848547697, 0.0034386219922453165, 0.00345653691329062, 0.0037764243315905333, 0.003697243519127369, 0.005145674105733633, 0.003457192098721862, 0.0035869351122528315, 0.0031352811492979527, 0.003232843242585659, 0.0035710702650249004, 0.0038783459458500147, 0.0039438786916434765, 0.0033050174824893475, 0.0030049988999962807, 0.003158546518534422, 0.00478324992582202, 0.0032497437205165625, 0.00401995237916708, 0.0038133952766656876, 0.003122436348348856, 0.004733585752546787, 0.003651511389762163, 0.0034981765784323215, 0.003559845732524991, 0.0036135143600404263, 0.0031468672677874565, 0.0031411650124937296, 0.00387672521173954, 0.0026743137277662754, 0.0030219415202736855, 0.0036158759612590075, 0.0035975859500467777, 0.003813890740275383, 0.002914960263296962, 0.0031063922215253115, 0.002948695793747902, 0.0032678896095603704, 0.003175612771883607, 0.0034639944788068533, 0.0031799692660570145, 0.003621819196268916, 0.0035991063341498375, 0.003465169807896018, 0.0036088842898607254, 0.0033519237767904997, 0.0036723518278449774, 0.00364973908290267, 0.0029323778580874205, 0.0037452050019055605, 0.0030717700719833374, 0.003422350389882922, 0.0029980442486703396, 0.0032596231903880835, 0.003376958193257451, 0.0033185945358127356, 0.003012154484167695, 0.002777855144813657, 0.004464807454496622, 0.004064039792865515, 0.0034063367638736963, 0.003623363096266985]}