{"loss": [0.0070483568124473095, 0.0010460346238687634, 0.0007811408722773194, 0.0008127434412017465, 0.000872444303240627, 0.0010418916353955865, 0.0006174529553391039, 0.000778587709646672, 0.0007911199936643243, 0.0005331595311872661, 0.0005015127244405448, 0.0006027767667546868, 0.0006107076187618077, 0.0005742619396187365, 0.000559810025151819, 0.0005298213800415397, 0.0005274160648696125, 0.0005272234557196498, 0.0005782064399681985, 0.000610814371611923, 0.0006131900008767843, 0.0004902149667032063, 0.0004821032052859664, 0.0006480448646470904, 0.0005544114392250776, 0.000448369886726141, 0.0003609068808145821, 0.0004929759888909757, 0.00040893396362662315, 0.0004375969583634287, 0.00044104328844696283, 0.0005501564010046422, 0.00036389523302204907, 0.0003573167196009308, 0.0007253882358781993, 0.000587084679864347, 0.00033505557803437114, 0.00046800856944173574, 0.0003533668932504952, 0.0003495267010293901, 0.00034725299337878823, 0.0003429730422794819, 0.0002992477093357593, 0.00026580330450087786, 0.0002949641493614763, 0.00038329485687427223, 0.00036079419078305364, 0.00032859863131307065, 0.00033482929575257003, 0.0002668889646884054, 0.0003008120693266392, 0.00032794487196952105, 0.00027799743111245334, 0.0003516971773933619, 0.0003124909708276391, 0.00031287610181607306, 0.00026128985336981714, 0.00027636659797281027, 0.00026204827008768916, 0.0002691421832423657, 0.000421391538111493, 0.00029871976585127413, 0.00028017809381708503, 0.00027813029009848833, 0.00022568665735889226, 0.00025988335255533457, 0.00026014726608991623, 0.0003404162125661969, 0.00026207705377601087, 0.0002621203602757305, 0.0003380887792445719, 0.0002306341048097238, 0.0002278338506584987, 0.00023381540086120367, 0.00022080102644395083, 0.0002559818094596267, 0.0002697802265174687, 0.00022620211530011147, 0.00021436465613078326, 0.00033216585870832205, 0.00026246943161822855, 0.0002148761850548908, 0.0002294180158060044, 0.00022589445870835334, 0.00020884965488221496, 0.00022797113342676312, 0.00026579335099086165, 0.0002646811190061271, 0.0002460757677908987, 0.0002671396068762988, 0.0003013244131579995, 0.00021236056636553258, 0.0002564425521995872, 0.0003542798513080925, 0.00022279040422290564, 0.00019583488756325096, 0.00018064997857436538, 0.000209485981031321, 0.0002017753868130967, 0.00018828391330316663], "val_loss": [0.01719737984240055, 0.002806111006066203, 0.00245041586458683, 0.0022448464296758175, 0.008881685324013233, 0.002201298251748085, 0.0030624871142208576, 0.0021715909242630005, 0.002327440306544304, 0.002150709740817547, 0.0023213077802211046, 0.003998705185949802, 0.003248730208724737, 0.002527008531615138, 0.001957101281732321, 0.004500293638557196, 0.0023008917924016714, 0.0029512604232877493, 0.0031182740349322557, 0.0020484819542616606, 0.0021281223744153976, 0.0020556668750941753, 0.009979615919291973, 0.0076146675273776054, 0.007210726384073496, 0.003910984378308058, 0.0022997825872153044, 0.0026346936356276274, 0.0017595819663256407, 0.005940138828009367, 0.002179298084229231, 0.004175546113401651, 0.0021098884753882885, 0.0025276895612478256, 0.01137896254658699, 0.0020711550023406744, 0.007637813687324524, 0.003952755592763424, 0.0019562675151973963, 0.0036812915932387114, 0.012962555512785912, 0.0038081835955381393, 0.00422652019187808, 0.004281813278794289, 0.0022659189999103546, 0.004102414008229971, 0.0021414330694824457, 0.0032755748834460974, 0.004916374571621418, 0.004919736180454493, 0.005932857748121023, 0.0025803917087614536, 0.003018750576302409, 0.006385045126080513, 0.0020339477341622114, 0.003988776355981827, 0.00233306922018528, 0.002674503019079566, 0.0030025430023670197, 0.003894139314070344, 0.0023935711942613125, 0.0031135035678744316, 0.007612029556185007, 0.005058207083493471, 0.006186359561979771, 0.0031470083631575108, 0.006010009907186031, 0.003961906302720308, 0.006467174272984266, 0.0029221666045486927, 0.006489815656095743, 0.010305731557309628, 0.008261175826191902, 0.007815434597432613, 0.005124010145664215, 0.005540762096643448, 0.0050515588372945786, 0.0062391855753958225, 0.005483710672706366, 0.012740159407258034, 0.006567839533090591, 0.008668295107781887, 0.0036645433865487576, 0.006883509457111359, 0.006960108410567045, 0.007517446763813496, 0.009059209376573563, 0.005571919959038496, 0.007908224128186703, 0.005574504844844341, 0.005775253288447857, 0.010894798673689365, 0.01141197420656681, 0.009913121350109577, 0.0054497309029102325, 0.010814540088176727, 0.011830443516373634, 0.006523192394524813, 0.008543923497200012, 0.011033539660274982]}