{"loss": [0.014372166246175766, 0.003016536356881261, 0.0020609484054148197, 0.0016963289817795157, 0.0019457131857052445, 0.0016571872401982546, 0.0016810210654512048, 0.0014168923953548074, 0.0016400011954829097, 0.0016886432422325015, 0.0018079986330121756, 0.0016673215432092547, 0.0012693621683865786, 0.001520046149380505, 0.001662861555814743, 0.0011253774864599109, 0.001088280463591218, 0.0014877887442708015, 0.0012376747326925397, 0.0011418608482927084, 0.0010867733508348465, 0.0011926727602258325, 0.0012113992124795914, 0.0012217221083119512, 0.001159999636001885, 0.0010149539448320866, 0.0009403606527484953, 0.0009464107570238411, 0.0008907036390155554, 0.0010404955828562379, 0.0007911789580248296, 0.0008345060632564127, 0.0007837939192540944, 0.0008501558331772685, 0.0008148140623234212, 0.0008016092469915748, 0.0008872856269590557, 0.0008223648765124381, 0.0007535701734013855, 0.0008644956396892667, 0.0006957314908504486, 0.0006810841732658446, 0.0007227275054901838, 0.0007963001844473183, 0.0007096307235769928, 0.0008550920756533742, 0.0007061475771479309, 0.0006831804639659822, 0.0007236266392283142, 0.0009178907494060695, 0.0006327647715806961, 0.0006584154325537384, 0.0005844276747666299, 0.0006416710093617439, 0.0007020727498456836, 0.0008485682192258537, 0.0006241753580980003, 0.0005895794020034373, 0.0005415079649537802, 0.0006179446936585009, 0.0007737738778814673, 0.0008081442210823298, 0.0005694380379281938, 0.0005400489317253232, 0.0007035782909952104, 0.0006376944947987795, 0.0005517590325325727, 0.0005391820450313389, 0.0005330665153451264, 0.0006132894195616245, 0.0007864297367632389, 0.0009898011339828372, 0.0006664182292297482, 0.0006606514216400683, 0.000742895994335413, 0.00047980636009015143, 0.0006473739049397409, 0.000461893854662776, 0.0005186960333958268, 0.0004918955382890999, 0.0005649219965562224, 0.0005675373831763864, 0.0006529747624881566, 0.0005187991773709655, 0.0005206629284657538, 0.0005625640624202788, 0.0005941899144090712, 0.000586553243920207, 0.0005273128626868129, 0.0005567208863794804, 0.0005873143090866506, 0.00047146447468549013, 0.0005459570093080401, 0.0005018932861275971, 0.00042526223114691675, 0.0005000149831175804, 0.0004657674871850759, 0.0005806945846416056, 0.0005079965339973569, 0.0007071749423630536], "val_loss": [0.02738318406045437, 0.007585388608276844, 0.005692141130566597, 0.005009073298424482, 0.004946548491716385, 0.004043563734740019, 0.00452790642157197, 0.0039802794344723225, 0.004441109485924244, 0.004251266364008188, 0.004753320477902889, 0.0037162620574235916, 0.004363887012004852, 0.004238670226186514, 0.003917922731488943, 0.0034181750379502773, 0.007996268570423126, 0.0034492870327085257, 0.00409037247300148, 0.0038668354973196983, 0.007972223684191704, 0.0031465478241443634, 0.005349772050976753, 0.0030657313764095306, 0.0028751278296113014, 0.00300097675062716, 0.0028411494567990303, 0.0031714867800474167, 0.0035673375241458416, 0.0036100924480706453, 0.0028736554086208344, 0.002669403562322259, 0.002595319179818034, 0.0023909984156489372, 0.0038577679079025984, 0.00272311270236969, 0.0029469006694853306, 0.0028178540524095297, 0.002524017821997404, 0.002604652428999543, 0.0026548614259809256, 0.0028952988795936108, 0.004114414099603891, 0.0027690203860402107, 0.004380698781460524, 0.0029336726292967796, 0.003092393511906266, 0.002848527394235134, 0.0031169557478278875, 0.0033584486227482557, 0.0027189517859369516, 0.003408050164580345, 0.002890239702537656, 0.0026743917260318995, 0.0029436657205224037, 0.0036744929384440184, 0.004514944739639759, 0.002929347101598978, 0.0026970431208610535, 0.002777412300929427, 0.003889699699357152, 0.0032918427605181932, 0.002982379635795951, 0.0029946814756840467, 0.0034357772674411535, 0.003948678262531757, 0.003126995638012886, 0.004180976655334234, 0.003643134841695428, 0.0038092085160315037, 0.011572619900107384, 0.004102862905710936, 0.00412131380289793, 0.0036495302338153124, 0.0026933476328849792, 0.0040031922981143, 0.003830434987321496, 0.0030065749306231737, 0.00423096539452672, 0.004344033543020487, 0.003917253110557795, 0.003705037524923682, 0.003817069809883833, 0.005595154594630003, 0.004994536284357309, 0.004722960293292999, 0.005365658085793257, 0.006074883975088596, 0.0051485700532794, 0.004888493567705154, 0.005061924923211336, 0.006956616882234812, 0.00662034098058939, 0.005286680534482002, 0.005808762740343809, 0.005747947841882706, 0.007025751285254955, 0.0070596905425190926, 0.006219043862074614, 0.006247224751859903]}