{"loss": [0.009985700249671936, 0.00110192212741822, 0.0010119450744241476, 0.0006580057670362294, 0.0006002493901178241, 0.0005311513086780906, 0.0004913494340144098, 0.000540924200322479, 0.00045831489842385054, 0.0005420435918495059, 0.0005197132704779506, 0.0005253743147477508, 0.0004686273168772459, 0.00059107830747962, 0.0003916977148037404, 0.0004865751543547958, 0.0005055399960838258, 0.0004611120675690472, 0.00034516892628744245, 0.0005140915745869279, 0.00035540119279175997, 0.0004926116089336574, 0.00039512294461019337, 0.0004105040861759335, 0.0003662862873170525, 0.0003458277496974915, 0.0006078071310184896, 0.00038071739254519343, 0.00035901041701436043, 0.0003110362449660897, 0.0003463727480266243, 0.0004186527512501925, 0.0004756119451485574, 0.0005547538166865706, 0.0003949357196688652, 0.0003549076500348747, 0.0004557673819363117, 0.0003050273808185011, 0.000380596611648798, 0.00037591514410451055, 0.00039677927270531654, 0.0004266284522600472, 0.00056683667935431, 0.0002809362777043134, 0.00023673854593653232, 0.0002497965469956398, 0.00034222996328026056, 0.00028985211974941194, 0.000260853732470423, 0.00027053512167185545, 0.0002722868521232158, 0.0002581640728749335, 0.0003030652296729386, 0.0003188344126101583, 0.00030058310949243605, 0.0002845540875568986, 0.00028778877458535135, 0.0003284619888290763, 0.0002618575526867062, 0.00034573132870718837, 0.0004101258818991482, 0.0002509716432541609, 0.0002441657998133451, 0.0002725756785366684, 0.00024981764727272093, 0.00028960214694961905, 0.0003850618959404528, 0.000269253650913015, 0.00021766193094663322, 0.0002774513268377632, 0.00024027909967117012, 0.00029200961580500007, 0.0002562284062150866, 0.00023968836467247456, 0.00020408410637173802, 0.00021020170242991298, 0.00022198952501639724, 0.00020509965543169528, 0.00040764911682344973, 0.00029239297145977616, 0.00023272278485819697, 0.00026172323850914836, 0.0002140683209290728, 0.0002676722651813179, 0.00019769313803408295, 0.00021376382210291922, 0.0002658801095094532, 0.0003296751528978348, 0.00020603110897354782, 0.00019784914911724627, 0.00016618867812212557, 0.00018916791304945946, 0.00021893659140914679, 0.00022411863028537482, 0.0001989096199395135, 0.00026107666781172156, 0.0004630631301552057, 0.0002696378796827048, 0.0002487161254975945, 0.00022687872115056962], "val_loss": [0.00465394975617528, 0.0018762073013931513, 0.002501246752217412, 0.0026611967477947474, 0.004289213102310896, 0.003916571382433176, 0.003037109272554517, 0.002756776288151741, 0.0018265246180817485, 0.00403935182839632, 0.006144417449831963, 0.00359996291808784, 0.002645547967404127, 0.0020796447061002254, 0.00261781201697886, 0.004202153068035841, 0.0032790519762784243, 0.003010749351233244, 0.0023830230347812176, 0.0038973502814769745, 0.00367069523781538, 0.0051529789343476295, 0.006082761101424694, 0.0025299720000475645, 0.0023610820062458515, 0.002781684510409832, 0.002002667635679245, 0.0032715043053030968, 0.003962881863117218, 0.0026417323388159275, 0.0020121873822063208, 0.0026923329569399357, 0.0020063717383891344, 0.007802473846822977, 0.0019599124789237976, 0.004186377394944429, 0.004432040266692638, 0.003576955758035183, 0.0034808870404958725, 0.005017389077693224, 0.001998045714572072, 0.0042277066968381405, 0.0024363005068153143, 0.004816886503249407, 0.0043088817037642, 0.0066340104676783085, 0.004424693528562784, 0.004793646279722452, 0.006379558239132166, 0.0028486261144280434, 0.004831844940781593, 0.004423635080456734, 0.005455376114696264, 0.004447147250175476, 0.006263771094381809, 0.005020149517804384, 0.007326213177293539, 0.0077343108132481575, 0.010576188564300537, 0.0065227835439145565, 0.006013756152242422, 0.0046989694237709045, 0.004118048120290041, 0.006583369802683592, 0.005528333596885204, 0.005701069720089436, 0.004537157714366913, 0.004407492000609636, 0.0053396630100905895, 0.007673568092286587, 0.0052252537570893764, 0.006142217665910721, 0.012177584692835808, 0.007555000483989716, 0.00939176045358181, 0.012167873792350292, 0.0077217682264745235, 0.00832250528037548, 0.013325400650501251, 0.009621516801416874, 0.013994134962558746, 0.0062138172797858715, 0.013542800210416317, 0.01078026182949543, 0.009311932139098644, 0.011832018382847309, 0.007448372431099415, 0.006470553111284971, 0.011367343366146088, 0.014000078663229942, 0.009505506604909897, 0.011600029654800892, 0.013739914633333683, 0.01090672705322504, 0.012103153392672539, 0.014829020015895367, 0.008010143414139748, 0.0192831102758646, 0.014339243993163109, 0.017561407759785652]}