{"loss": [0.006519598886370659, 0.0009182318462990224, 0.000754706037696451, 0.0006847069598734379, 0.0006749220774509013, 0.0007471702992916107, 0.0006373494979925454, 0.0006180288619361818, 0.0005847248830832541, 0.0005755483289249241, 0.0008115912787616253, 0.0006358363316394389, 0.0005130889476276934, 0.0005268466775305569, 0.0005675059510394931, 0.0004890735726803541, 0.0004470116982702166, 0.0005428838776424527, 0.0004244045994710177, 0.0004397559678182006, 0.00037990108830854297, 0.000507411896251142, 0.0006009193020872772, 0.000330125680193305, 0.0003975210420321673, 0.00035055994521826506, 0.0003487972426228225, 0.00036913162330165505, 0.0005623973556794226, 0.00040524688665755093, 0.00033624624484218657, 0.00042371940799057484, 0.00038970817695371807, 0.0002986061736010015, 0.0003420446300879121, 0.0003974963037762791, 0.0003457138955127448, 0.00044878179323859513, 0.0004834234423469752, 0.0004410748078953475, 0.00035468104761093855, 0.00041601117118261755, 0.0004077939665876329, 0.00034086246159859, 0.00038098637014627457, 0.00024975385167635977, 0.00033666592207737267, 0.0003063487820327282, 0.00033405853901058435, 0.0003851910005323589, 0.0002968718472402543, 0.00026537670055404305, 0.0002697788004297763, 0.0002597990969661623, 0.00024154748825822026, 0.00025383944739587605, 0.0002911369956564158, 0.0002568423515185714, 0.00024314371694345027, 0.00029173694201745093, 0.00032270175870507956, 0.00023319416504818946, 0.0003235410840716213, 0.0003055046545341611, 0.0002826583804562688, 0.00024526994093321264, 0.0002669407404027879, 0.00027460025739856064, 0.0002686556545086205, 0.00026127745513804257, 0.00020316972222644836, 0.0003082932089455426, 0.00024465646129101515, 0.0002478435344528407, 0.00024427540483884513, 0.0003035219560842961, 0.0002257595770061016, 0.000279719359241426, 0.0003148530377075076, 0.0002685616782400757, 0.00024155908613465726, 0.0001942204835359007, 0.00022675993386656046, 0.00022772875672671944, 0.00020816076721530408, 0.0002674580318853259, 0.00038392693386413157, 0.00028144370298832655, 0.00022658590751234442, 0.0002102202852256596, 0.00024036905961111188, 0.0002136036055162549, 0.00023580760171171278, 0.00022564212849829346, 0.000238388980505988, 0.00023131839407142252, 0.0001825853978516534, 0.00022064754739403725, 0.000218317421968095, 0.00020992534700781107], "val_loss": [0.0047273640520870686, 0.004032865632325411, 0.002038224134594202, 0.0030155396088957787, 0.0028258562088012695, 0.001825085375458002, 0.0018122474430128932, 0.0015604016371071339, 0.0023021050728857517, 0.0019000992178916931, 0.011365680024027824, 0.0031416264828294516, 0.0019007655791938305, 0.0038376841694116592, 0.0013323641614988446, 0.0012176029849797487, 0.001158682513050735, 0.001724308473058045, 0.0010965500259771943, 0.0011455916101112962, 0.0015617257449775934, 0.0033359492663294077, 0.0011714166030287743, 0.0019497747998684645, 0.001031794585287571, 0.001186300884000957, 0.001446083770133555, 0.001557265524752438, 0.00489609083160758, 0.002254100749269128, 0.001929169287905097, 0.0009352939669042826, 0.0009436029358766973, 0.001084691844880581, 0.0027175075374543667, 0.0021634241566061974, 0.0007741175941191614, 0.0009498356957919896, 0.0009570391266606748, 0.003624210599809885, 0.0012042415328323841, 0.0008919088286347687, 0.002393021946772933, 0.000751763116568327, 0.0007586773135699332, 0.0016125983092933893, 0.0009492080425843596, 0.0007402715855278075, 0.005363014992326498, 0.0010075181489810348, 0.0007229966577142477, 0.0008664392516948283, 0.0006578655447810888, 0.0006735888309776783, 0.0021732619497925043, 0.0011272738920524716, 0.0006245945696718991, 0.0033098149579018354, 0.0008321154746226966, 0.0014455262571573257, 0.0012832300271838903, 0.0015711055602878332, 0.0009334888309240341, 0.000743483891710639, 0.0005780817591585219, 0.0012508664513006806, 0.0005209005903452635, 0.004055236931890249, 0.0012021108996123075, 0.0005302267381921411, 0.0004971123416908085, 0.0005192499957047403, 0.0007525820983573794, 0.0005909546744078398, 0.0039651417173445225, 0.0005459343665279448, 0.0021111732348799706, 0.0028105650562793016, 0.0011510333279147744, 0.0017026333371177316, 0.0004814245621673763, 0.0005368166603147984, 0.0006324812420643866, 0.0008553242078050971, 0.003014989197254181, 0.0005145280156284571, 0.00529368594288826, 0.0005102382856421173, 0.001752133946865797, 0.0012270737206563354, 0.0008371486328542233, 0.0030885115265846252, 0.0028988623525947332, 0.0018797211814671755, 0.0009154309518635273, 0.0007292806985788047, 0.0012742767576128244, 0.0005370978615246713, 0.00043981510680168867, 0.0004540815425571054]}