{"loss": [0.02060331217944622, 0.003364247502759099, 0.00203405087813735, 0.0018707537092268467, 0.0017946872394531965, 0.001888704369775951, 0.0018056975677609444, 0.0017438833601772785, 0.0016666623996570706, 0.0017799892229959369, 0.0016614125343039632, 0.00150916981510818, 0.0016258636023849249, 0.0014889243757352233, 0.0015871115028858185, 0.0016448607202619314, 0.0014377743937075138, 0.0015356817748397589, 0.001449976465664804, 0.0013003345811739564, 0.0014503031270578504, 0.0012806527083739638, 0.0012195667950436473, 0.0013085583923384547, 0.0010774576803669333, 0.0012287497520446777, 0.001223893603309989, 0.0011282134801149368, 0.0010518901981413364, 0.0013409835519269109, 0.001183894695714116, 0.0009811549680307508, 0.0009153950377367437, 0.0009429172496311367, 0.0009504920453764498, 0.0010361524764448404, 0.0009098424925468862, 0.0009821809362620115, 0.0011143210576847196, 0.0010265508899465203, 0.0010255776578560472, 0.0008249419624917209, 0.0009601541678421199, 0.0009247552370652556, 0.0008262934279628098, 0.0007417448796331882, 0.0008095446391962469, 0.0007774753030389547, 0.0008478842210024595, 0.0007183703710325062, 0.0007006070809438825, 0.0008589563076384366, 0.000909749127458781, 0.0007878954638727009, 0.000759192684199661, 0.0008992432849481702, 0.0007919501513242722, 0.0007644445286132395, 0.0007120341761037707, 0.0007540344377048314, 0.0007508884882554412, 0.0007170463795773685, 0.0007740359287708998, 0.0007400138420052826, 0.0005927138845436275, 0.0006101687904447317, 0.0005893546040169895, 0.0006078226142562926, 0.0006931897951290011, 0.0006493116961792111, 0.0007480905624106526, 0.0006182053475640714, 0.0005927361198700964, 0.0005353064043447375, 0.0007362973992712796, 0.0005833843606524169, 0.0006178754265420139, 0.0007031075074337423, 0.0006248329300433397, 0.0006011211080476642, 0.0005649115773849189, 0.000540849519893527, 0.0005886059952899814, 0.0007102812523953617, 0.0007326761842705309, 0.000562577391974628, 0.0005991519428789616, 0.0006127646774984896, 0.0006557689048349857, 0.0005820541991852224, 0.0005085348966531456, 0.0005915912333875895, 0.0005296947783790529, 0.0005434424965642393, 0.000668011954985559, 0.0005943651194684207, 0.0005752680008299649, 0.0006833549705334008, 0.0004998914082534611, 0.0007087208214215934], "val_loss": [0.014746719039976597, 0.008044490590691566, 0.006241727154701948, 0.005339126102626324, 0.004975589923560619, 0.004996605683118105, 0.006998521741479635, 0.005537502001971006, 0.004683788865804672, 0.0040662954561412334, 0.00395216653123498, 0.004604896530508995, 0.0039240471087396145, 0.003933887928724289, 0.003766567213460803, 0.004748510196805, 0.004226333927363157, 0.003532894654199481, 0.00418565608561039, 0.0028963075019419193, 0.0027615660801529884, 0.0032162924762815237, 0.002915555378422141, 0.002409915439784527, 0.002417607931420207, 0.0028800724539905787, 0.0026102070696651936, 0.0025396179407835007, 0.00272642495110631, 0.0037946379743516445, 0.004095538519322872, 0.002206100383773446, 0.0019051404669880867, 0.0020523297134786844, 0.0020994641818106174, 0.002107907086610794, 0.0020997771061956882, 0.0018770289607346058, 0.0032545195426791906, 0.0028941708151251078, 0.0019460779149085283, 0.002092849463224411, 0.0021215309388935566, 0.001799434656277299, 0.0016156978672370315, 0.0016217388911172748, 0.0016265197191387415, 0.001417088438756764, 0.0014483671402558684, 0.0014345202362164855, 0.0016874202992767096, 0.003920739982277155, 0.0016402676701545715, 0.001767181558534503, 0.001853796187788248, 0.00295218825340271, 0.0014719946775585413, 0.00152675062417984, 0.001499372418038547, 0.0027077505365014076, 0.0012409074697643518, 0.0016988514689728618, 0.001748699345625937, 0.0014392351731657982, 0.0011544013395905495, 0.001785486238077283, 0.001738276332616806, 0.002192289335653186, 0.0010885862866416574, 0.0017707609804347157, 0.0011874482734128833, 0.001103342161513865, 0.002084392821416259, 0.001048282254487276, 0.0012389064067974687, 0.0011154039530083537, 0.0010433131828904152, 0.0017351994756609201, 0.0010086196707561612, 0.0009520417079329491, 0.0009441040456295013, 0.0011650213273242116, 0.0009220752981491387, 0.001923343981616199, 0.0009628235129639506, 0.000948535103816539, 0.0008530077175237238, 0.0009915544651448727, 0.0010050382697954774, 0.001126900315284729, 0.0012818222166970372, 0.0010132919996976852, 0.0007778618019074202, 0.0015908218920230865, 0.0008565472671762109, 0.000875589030329138, 0.0019080234924331307, 0.0009309811284765601, 0.0007780815940350294, 0.0011053684866055846]}