{"loss": [0.006387961562722921, 0.0012679836945608258, 0.000935773306991905, 0.0008645623456686735, 0.0008427996654063463, 0.0007918892079032958, 0.0006746918079443276, 0.000647974549792707, 0.000583068875130266, 0.0005937519017606974, 0.0006349100731313229, 0.0005363889504224062, 0.0005518938996829093, 0.0004790375824086368, 0.00046700926031917334, 0.0004503091040533036, 0.00045762688387185335, 0.0005089558544568717, 0.0004376746655907482, 0.00037023203913122416, 0.00040202491800300777, 0.00042632821714505553, 0.00046736779040656984, 0.0004585741844493896, 0.00042762121302075684, 0.0003398025583010167, 0.00044405454536899924, 0.0003713817859534174, 0.0003534426214173436, 0.0003844636958092451, 0.0003210519498679787, 0.00030866567976772785, 0.0003063530020881444, 0.0003352502826601267, 0.0002786148979794234, 0.00032116397051140666, 0.00030643725767731667, 0.00029536697547882795, 0.00031106272945180535, 0.0002908910100813955, 0.000258068204857409, 0.00024512287927791476, 0.0002805842086672783, 0.0002521794813219458, 0.00025711115449666977, 0.00027160064200870693, 0.0002628760121297091, 0.0002753663284238428, 0.0002449705498293042, 0.00025827542413026094, 0.0002525020681787282, 0.00025922502391040325, 0.0002260614710394293, 0.0002448426093906164, 0.00023213191889226437, 0.00020704766211565584, 0.00023554994550067931, 0.00022010754037182778, 0.0002311750577064231, 0.0002313099685125053, 0.00026243473985232413, 0.0002216694556409493, 0.00019843076006509364, 0.00022311745851766318, 0.00024391298939008266, 0.00022047696984373033, 0.00022285587328951806, 0.0002392750611761585, 0.00021667242981493473, 0.0002082629216602072, 0.00021822321286890656, 0.00021928714704699814, 0.00017786626995075494, 0.00019751388754229993, 0.00021736419876106083, 0.00021392502821981907, 0.00019948938279412687, 0.00017808865231927484, 0.0001983019756153226, 0.00022359153081197292, 0.00016618755762465298, 0.0001749770308379084, 0.00017657526768743992, 0.00018233641458209604, 0.00018442024884279817, 0.00017925530846696347, 0.00020830266294069588, 0.00024286849657073617, 0.00020071824837941676, 0.00018268649000674486, 0.00016959723143372685, 0.0001604624994797632, 0.0001865834929049015, 0.00019303594308439642, 0.00017573822697158903, 0.00018288336286786944, 0.00016747828340157866, 0.00016632035840302706, 0.00014681530592497438, 0.00016135636542458087], "val_loss": [0.017367005348205566, 0.0031458192970603704, 0.0028647591825574636, 0.0030806243885308504, 0.0031668900046497583, 0.002285736845806241, 0.0034176211338490248, 0.0029502303805202246, 0.0033485281746834517, 0.0075315991416573524, 0.0019494065782055259, 0.003217244055122137, 0.0029775940347462893, 0.0019290309865027666, 0.001661335350945592, 0.0017995253438130021, 0.004602970089763403, 0.0015236245235428214, 0.0017766397213563323, 0.002404526574537158, 0.004765146877616644, 0.0016225487925112247, 0.007563329767435789, 0.0021812287159264088, 0.0021639736369252205, 0.00403120880946517, 0.0013484711525961757, 0.001252172514796257, 0.0011943253921344876, 0.00204177713021636, 0.0016220032703131437, 0.0010604377603158355, 0.0015683231176808476, 0.0015321768587455153, 0.00104810344055295, 0.0013879515463486314, 0.0009876600233837962, 0.0011355055030435324, 0.0012188726104795933, 0.0016115889884531498, 0.0031545672100037336, 0.000820103392470628, 0.0009058815776370466, 0.0009528578375466168, 0.0009892121888697147, 0.0008323724032379687, 0.0012327180011197925, 0.0008463182020932436, 0.000719424628186971, 0.0007125998381525278, 0.0010155647760257125, 0.0006660711951553822, 0.0009758250089362264, 0.0013634752249345183, 0.0015879484126344323, 0.0006103472551330924, 0.001274213893339038, 0.0006464766920544207, 0.0009337345254607499, 0.0005963345756754279, 0.0006913231336511672, 0.0005852970643900335, 0.0009699975489638746, 0.0008014970808289945, 0.002701044548302889, 0.0013261293061077595, 0.0010583751136437058, 0.0009851715294644237, 0.0008857620414346457, 0.00057573476806283, 0.0009237846243195236, 0.0008670067763887346, 0.0009617027826607227, 0.0006420311983674765, 0.0004750934022013098, 0.0005096959066577256, 0.00142687710467726, 0.0006942657055333257, 0.0005663198535330594, 0.0005527314497157931, 0.0007595887291245162, 0.0006347561720758677, 0.0005711747799068689, 0.000980712124146521, 0.0009792402852326632, 0.00302816997282207, 0.0005024949205107987, 0.0018930481746792793, 0.0008644135668873787, 0.00048786550178192556, 0.0004691431240644306, 0.0021156512666493654, 0.0008046212024055421, 0.0018546163337305188, 0.0008610899676568806, 0.001847867970354855, 0.0006665406399406493, 0.00045768695417791605, 0.0005443824338726699, 0.00048483748105354607]}