{"loss": [0.013376172631978989, 0.002254376420751214, 0.002069152658805251, 0.00178790173958987, 0.0017193047096952796, 0.0014829766005277634, 0.0015729940496385098, 0.0019084590021520853, 0.0015725871780887246, 0.0019009436946362257, 0.0014608103083446622, 0.0013954468304291368, 0.0015159092145040631, 0.0012000341666862369, 0.0011581263970583677, 0.0012031340738758445, 0.0011131616774946451, 0.0011812063166871667, 0.0010836920700967312, 0.0015163228381425142, 0.001250745845027268, 0.0011446397984400392, 0.0012622176436707377, 0.000992383691482246, 0.0009493795223534107, 0.0009424143936485052, 0.0009285375126637518, 0.0009194287704303861, 0.0009744000853970647, 0.0008531124331057072, 0.0008074811776168644, 0.0008604900212958455, 0.0008665724890306592, 0.0009046532795764506, 0.0008321491768583655, 0.0008969908230938017, 0.0008022323017939925, 0.0007964156684465706, 0.0008395645418204367, 0.0009092432446777821, 0.000804306473582983, 0.0007924825767986476, 0.0006766665610484779, 0.0006890340009704232, 0.000657882250379771, 0.0006475863046944141, 0.0006941236206330359, 0.0006646552355960011, 0.0006494252011179924, 0.0006003847229294479, 0.0006832802901044488, 0.0006051431992091238, 0.0007325010374188423, 0.0006441014120355248, 0.0006550684338435531, 0.0006248372374102473, 0.0005739969783462584, 0.0005716921878047287, 0.0005937613314017653, 0.0004911068826913834, 0.0005324464291334152, 0.000504939176607877, 0.0006117888842709363, 0.0005297893658280373, 0.0005309430998750031, 0.0005242089973762631, 0.00047774738050065935, 0.0004609167226590216, 0.0005062887212261558, 0.0005241548642516136, 0.0005337807815521955, 0.00044843953219242394, 0.0004645048175007105, 0.0005126310861669481, 0.000516605272423476, 0.00042522826697677374, 0.00045271796989254653, 0.0005234158015809953, 0.0005009090527892113, 0.0004342483589425683, 0.0004372371477074921, 0.0004322494787629694, 0.00040833934326656163, 0.0005517678218893707, 0.0004787856596522033, 0.00042352164746262133, 0.00042893370846286416, 0.00041179422987625003, 0.000433318258728832, 0.0004012204008176923, 0.0003818999684881419, 0.0005297317402437329, 0.00043986638775095344, 0.0004477233742363751, 0.000440773757873103, 0.00039696114254184067, 0.00042060145642608404, 0.00043917144648730755, 0.0004611864569596946, 0.0004018107720185071], "val_loss": [0.011370152235031128, 0.005970554891973734, 0.005088381934911013, 0.004336439538747072, 0.00478720385581255, 0.003705443348735571, 0.004169388208538294, 0.003655186854302883, 0.003308597719296813, 0.0031644662376493216, 0.0027388983871787786, 0.004328682087361813, 0.002693281974643469, 0.002734422218054533, 0.002607868518680334, 0.0027363894041627645, 0.0026920263189822435, 0.0024008986074477434, 0.0022340714931488037, 0.0022804290056228638, 0.0022683197166770697, 0.006326782517135143, 0.0024197641760110855, 0.002185238990932703, 0.002222218085080385, 0.0025069983676075935, 0.0023190497886389494, 0.0020266373176127672, 0.002071182243525982, 0.0020354045554995537, 0.001954629784449935, 0.0019159840885549784, 0.0017025615088641644, 0.0023689158260822296, 0.001838039606809616, 0.00180331792216748, 0.0016437674639746547, 0.002047999296337366, 0.0019370013615116477, 0.0023425461258739233, 0.002092239912599325, 0.0015777722001075745, 0.0014761120546609163, 0.0019178468501195312, 0.0013305252650752664, 0.0023572377394884825, 0.001276856753975153, 0.00134229043032974, 0.0012452638475224376, 0.0015750543680042028, 0.001720966538414359, 0.001113430829718709, 0.0025986258406192064, 0.0010770218214020133, 0.002070268150418997, 0.0009979791939258575, 0.001491303788498044, 0.001725236070342362, 0.001009913394227624, 0.0009951936081051826, 0.0008951211348176003, 0.0016659981338307261, 0.0011004836997017264, 0.0010241109412163496, 0.0009673768654465675, 0.0015359974931925535, 0.0012508680811151862, 0.0008941109990701079, 0.001434315461665392, 0.0008894848870113492, 0.0009614270529709756, 0.0008888686425052583, 0.0010437708115205169, 0.0017366830725222826, 0.0007842932245694101, 0.0008772441069595516, 0.0008077821112237871, 0.0007834204589016736, 0.0009660220239311457, 0.000874758989084512, 0.0007275706739164889, 0.0007702672737650573, 0.0008114555384963751, 0.0028182154055684805, 0.0009826547466218472, 0.0009343521087430418, 0.0007561590755358338, 0.0008656661375425756, 0.001220019068568945, 0.000991259585134685, 0.0007324183243326843, 0.0008160239667631686, 0.0007989652222022414, 0.0008023063419386744, 0.0009123738273046911, 0.0007932907319627702, 0.000778757908847183, 0.0008200517040677369, 0.001212696428410709, 0.0008749321568757296]}