{"loss": [0.008282490074634552, 0.0006400194833986461, 0.0005628012004308403, 0.00046211868175305426, 0.0005205404013395309, 0.000539817672688514, 0.0006392042268998921, 0.0005868904408998787, 0.00042887497693300247, 0.0005290994304232299, 0.00043716729851439595, 0.000502663548104465, 0.00044640671694651246, 0.0004594351339619607, 0.00048634334234520793, 0.0004643177962861955, 0.0004207844322081655, 0.0003880375879816711, 0.000415695394622162, 0.0003876523987855762, 0.0003933375410269946, 0.00046832574298605323, 0.00040376954711973667, 0.000367658183677122, 0.0004256838874425739, 0.00033984414767473936, 0.0003340152616146952, 0.0003594162408262491, 0.00030919196433387697, 0.0003421743749640882, 0.00035503244725987315, 0.0003985576331615448, 0.0003279471129644662, 0.00033085315953940153, 0.00033600072492845356, 0.00031290369224734604, 0.00037927457015030086, 0.0002674178103916347, 0.00031934704747982323, 0.0003163027868140489, 0.000266613787971437, 0.00029193214140832424, 0.00026015701587311924, 0.00028960886993445456, 0.00029267833451740444, 0.0002641972678247839, 0.0002762610965874046, 0.0002510835765860975, 0.0002899340761359781, 0.00030321069061756134, 0.0002680780307855457, 0.0002367924462305382, 0.0003286466817371547, 0.0003272483590990305, 0.00025533614098094404, 0.0002949508198071271, 0.00033161783358082175, 0.00021740283409599215, 0.00027167575899511576, 0.00031413056422024965, 0.0002427129220450297, 0.0002430540043860674, 0.0002188657090300694, 0.00023865852563176304, 0.0003099795721936971, 0.00022397044813260436, 0.00019770012295339257, 0.00021800262038595974, 0.00021224569354671985, 0.00021550297969952226, 0.00020512538321781904, 0.00026085038552992046, 0.00022920190531294793, 0.0003421673900447786, 0.0002498703543096781, 0.00021026344620622694, 0.00019516619795467705, 0.00019746173347812146, 0.00022052180429454893, 0.00020078301895409822, 0.00025383319007232785, 0.00018688460113480687, 0.00022502162028104067, 0.00017713061242830008, 0.00022005908249411732, 0.00025881262263283134, 0.00019318860722705722, 0.00019082921789959073, 0.0001953632599906996, 0.00021004975133109838, 0.0001627980382181704, 0.00017177498375531286, 0.00018791692855302244, 0.00021712637681048363, 0.00024011418281588703, 0.00021189246035646647, 0.0003237136988900602, 0.00019276002421975136, 0.00015991006512194872, 0.00016990263247862458], "val_loss": [0.002252622740343213, 0.003550408873707056, 0.0019527383847162127, 0.0025088791735470295, 0.001738182152621448, 0.004906714893877506, 0.0020490053575485945, 0.0016521102515980601, 0.0018466467736288905, 0.0015135700814425945, 0.0023001530207693577, 0.0016170996241271496, 0.0017685065977275372, 0.0022435644641518593, 0.005162445828318596, 0.0034873138647526503, 0.0019358554854989052, 0.0013397635193541646, 0.0011902851983904839, 0.0011701122857630253, 0.004949250724166632, 0.004352426156401634, 0.0016733499942347407, 0.0036706605460494757, 0.001091426587663591, 0.0013492836151272058, 0.0009679434006102383, 0.0014292201958596706, 0.0021534401457756758, 0.0018836446106433868, 0.002715306356549263, 0.0008906060829758644, 0.0008658311562612653, 0.001140505657531321, 0.0010711773065850139, 0.0008522000862285495, 0.0008389328140765429, 0.0021461460273712873, 0.001082936767488718, 0.0023376350291073322, 0.0007768502691760659, 0.0010013688588514924, 0.0009573485003784299, 0.0018559377640485764, 0.0009550030226819217, 0.0007460197084583342, 0.0008551438222639263, 0.0009493427351117134, 0.0008213075925596058, 0.002316173631697893, 0.0011887378059327602, 0.001739286002703011, 0.000687277817633003, 0.0008594002574682236, 0.0009523186017759144, 0.0016311351209878922, 0.0015875194221735, 0.0005771595169790089, 0.0006396925891749561, 0.0005891510518267751, 0.0005880306707695127, 0.001837481977418065, 0.0009248764254152775, 0.0009256508783437312, 0.0007596143987029791, 0.0006797967944294214, 0.000499712594319135, 0.0005280107143335044, 0.0008010623860172927, 0.0012109517119824886, 0.0008997475379146636, 0.0005140241119079292, 0.0004920859355479479, 0.0014728131936863065, 0.0005977539112791419, 0.0013459775364026427, 0.0013991538435220718, 0.0009022988961078227, 0.0009282249375246465, 0.001029359526000917, 0.0004649426555261016, 0.0005479726241901517, 0.0009747824515216053, 0.00042425727588124573, 0.00042140655568800867, 0.0009229202405549586, 0.0004073126765433699, 0.00043183742673136294, 0.0008239084272645414, 0.0004947414854541421, 0.00043961842311546206, 0.0003852137306239456, 0.0005265499348752201, 0.00039593741530552506, 0.0017885980196297169, 0.0013878211611881852, 0.0015231840079650283, 0.0005572360241785645, 0.00042986642802134156, 0.0003781123086810112]}