{"loss": [0.022567182779312134, 0.005199608393013477, 0.0027796654030680656, 0.0023500893730670214, 0.002047940157353878, 0.0019831941463053226, 0.0017988589825108647, 0.001715930295176804, 0.0015857052057981491, 0.001497583114542067, 0.0016447786474600434, 0.0015263473615050316, 0.0013769568176940084, 0.001372875296510756, 0.0014018210349604487, 0.0014054131461307406, 0.0012673762394115329, 0.001345459371805191, 0.0016136111225932837, 0.001341386348940432, 0.001188762835226953, 0.0011081114644184709, 0.0013634260976687074, 0.001464978326112032, 0.0014024805277585983, 0.0014234118862077594, 0.0012843359727412462, 0.0011495721992105246, 0.0011931390035897493, 0.0011547442991286516, 0.0012131733819842339, 0.001093855476938188, 0.0011212091194465756, 0.0011514942161738873, 0.0010980617953464389, 0.0010838215239346027, 0.001069114194251597, 0.0011311456328257918, 0.0012128774542361498, 0.0009771045297384262, 0.0010757045820355415, 0.0009677917696535587, 0.0009757879888638854, 0.0009960108436644077, 0.000951711437664926, 0.0009570429101586342, 0.0009905407205224037, 0.0009746589348651469, 0.0009591604466550052, 0.0009039226570166647, 0.0009146691882051528, 0.0008367514237761497, 0.0008973887306638062, 0.0008624514448456466, 0.0009208114352077246, 0.0008618155843578279, 0.0007807132205925882, 0.0008270362159237266, 0.0007866781088523567, 0.0008097338723018765, 0.0007839392055757344, 0.0008534192456863821, 0.0008617971325293183, 0.0008037063525989652, 0.0008344678208231926, 0.0007995666237547994, 0.000691824359819293, 0.0006957437144592404, 0.0007450905977748334, 0.000697873649187386, 0.0006588749820366502, 0.0006345205474644899, 0.0006127339438535273, 0.0006431600777432323, 0.0005690500838682055, 0.000614433956798166, 0.0006447892519645393, 0.00056513148592785, 0.0005432229954749346, 0.0005781150539405644, 0.0005706903175450861, 0.0006049057701602578, 0.0005121325375512242, 0.0005202808533795178, 0.0005240642349235713, 0.0005424766568467021, 0.0004918830236420035, 0.0004942893283441663, 0.0005190123920328915, 0.0005064400029368699, 0.0005015300703234971, 0.00047513601020909846, 0.0005338811315596104, 0.0005130249774083495, 0.0005689173704013228, 0.0005839885561726987, 0.0005536580574698746, 0.0006258009234443307, 0.0005099414265714586, 0.0005177195998840034], "val_loss": [0.0044309478253126144, 0.011254917830228806, 0.014464836567640305, 0.007379075046628714, 0.011647414416074753, 0.0036700733471661806, 0.009621303528547287, 0.007812072988599539, 0.00882401131093502, 0.006797120440751314, 0.019892700016498566, 0.007864492945373058, 0.008151241578161716, 0.012792031280696392, 0.007899967022240162, 0.010828128084540367, 0.003474091412499547, 0.0026137058157473803, 0.0027870365884155035, 0.006963364314287901, 0.009766876697540283, 0.010278640314936638, 0.019746847450733185, 0.015694698318839073, 0.008574924431741238, 0.003556538838893175, 0.0074809854850173, 0.004898509476333857, 0.005980296526104212, 0.01632380113005638, 0.012972350232303143, 0.006946206092834473, 0.007677942514419556, 0.006788825616240501, 0.008055126294493675, 0.0053631216287612915, 0.013015403412282467, 0.01053079217672348, 0.0038998618256300688, 0.005854066926985979, 0.004904745612293482, 0.0036985448095947504, 0.0037761484272778034, 0.006707692984491587, 0.002759139286354184, 0.002854896942153573, 0.011181283742189407, 0.005856979638338089, 0.005423817317932844, 0.003191316267475486, 0.0023816281463950872, 0.0033406487200409174, 0.0020933302585035563, 0.006707268767058849, 0.00542234443128109, 0.004565548617392778, 0.004097957629710436, 0.005041416734457016, 0.002501503098756075, 0.006334542762488127, 0.004001126158982515, 0.010099637322127819, 0.004209842067211866, 0.0019908312242478132, 0.0017499467357993126, 0.005700990557670593, 0.002956623677164316, 0.0020605900790542364, 0.0038493124302476645, 0.002454744651913643, 0.002727031009271741, 0.00270413258112967, 0.0008231817628256977, 0.0014400413492694497, 0.003421085188165307, 0.0024534882977604866, 0.0016657282831147313, 0.0027387901209294796, 0.0012535224668681622, 0.0027395125944167376, 0.0023431454319506884, 0.0015425182646140456, 0.003924195654690266, 0.0032065275590866804, 0.0029155772645026445, 0.001400896580889821, 0.0024045463651418686, 0.0018843829166144133, 0.0008288068347610533, 0.0017964206635951996, 0.001461221487261355, 0.005408072844147682, 0.0014672063989564776, 0.0006644570385105908, 0.0009492620010860264, 0.0009652854059822857, 0.0008284939103759825, 0.00105771841481328, 0.0006311393226496875, 0.0013517314800992608]}